 ,sGA-1X,sGA-1X,sGA-1X,sGA-1X,sGA-UX,sGA-UX,sGA-UX,sGA-UX
Problem_size,MRPS,MRPS,Evaluations,Evaluations,MRPS,MRPS,Evaluations,Evaluations
 ,mean,std,mean,std,mean,std,mean,std
10,28.4,3.97994974842648,190.72,67.84,20.0,2.5298221281347035,121.6,36.62567405523071
20,82.0,23.40939982143925,808.3199999999999,217.52563435144833,36.2,5.8275209137333865,347.52,121.13764732732758
40,278.4,54.58791074954234,5452.8,1269.9767556927961,70.0,11.489125293076057,1114.24,312.965235130038
80,902.4,209.25161887067924,25804.8,8125.167380429772,120.8,13.12097557348538,2480.6400000000003,686.1993925966417
160,4249.6,1081.2780585954752,201932.8,55713.12890297941,195.2,34.90787876683429,6656.0,2054.3900311284615
